,Accuracy Resualt,Accuracy Resualt,Accuracy Resualt
,K-Fold:cv =10,Train:0.8-Test:0.2,VIF
DecisionTreeClassifier,0.982986864053378,0.9691538140892039,0.972488536890371
KNeighborsClassifier,0.9593033083124827,0.952897040433514,
naiveBayes_GaussianNB,0.8185315540728384,0.8399333055439766,
LogisticRegression,0.8153591882123992,0.822426010837849,0.8199249687369737
Neural Network,0.9698108840700584,0.976240100041684,
SVM,0.7190407978871283,0.7298874531054607,
RandomForest,,0.9985404503753128,
